Rk,Player,Twitter
1,Kareem Abdul-Jabbar,kaj33
2,Alex Abrines,alexabrines
3,Quincy Acy,QuincyAcy
4,Jaylen Adams,10jadams
5,Jordan Adams,jordanadams1231
6,Steven Adams,RealStevenAdams
7,Bam Adebayo,Bam1of1
8,Jeff Adrien,Adrien4
9,Maurice Ager,moeager
10,Alexis Ajinca,AjincaAlexis42
11,Furkan Aldemir,furkanaldemir19
12,Cole Aldrich,colea45
13,LaMarcus Aldridge,aldridge_12
14,Cliff Alexander,CAlexander
15,Bryce Alford,balford20
16,Rawle Alkins,Iam_RawleAlkins
17,Grayson Allen,GraysonJAllen
18,Jarrett Allen,JarrettAllen55
19,Malik Allen,THEleekAllen30
20,Ray Allen,greenRAYn20
21,Tony Allen,aa000G9
22,Morris Almond,FreeMoAlmond
23,John Amaechi,JohnAmaechi
24,Al-Farouq Aminu,farouq1
25,Lou Amundson,LouAmundson17
26,Alan Anderson,ASqared06
27,C.J. Anderson,cjanderson_23
28,Justin Anderson,JusAnderson1
29,Kenny Anderson,chibbs_1
30,Kyle Anderson,KyleAnderson5
31,Braian Angola-Rodas,Angola2411
32,Ike Anigbogu,IkePostrs_
33,Giannis Antetokounmpo,Giannis_An34
34,Kostas Antetokounmpo,Kostas_ante13
35,Carmelo Anthony,carmeloanthony
36,Greg Anthony,GregAnthony50
37,OG Anunoby,OAnunoby
38,Robert Archibald,RobertArchibald
39,Ryan Arcidiacono,RyArch15
40,Gilbert Arenas,agentzeroshow
41,Trevor Ariza,TrevorAriza
42,Darrell Arthur,DarrellArthur00
43,Jamel Artis,melartis1
44,Brandon Ashley,_Bash21
45,Omer Asik,AsikOmer
46,Gustavo Ayon,Gustavo_Ayon15
47,Deandre Ayton,DeandreAyton
48,Kelenna Azubuike,KAzubuike7
49,Luke Babbitt,Realbabbitt08
50,Jordan Bachynski,BLOCKchynski
51,Dwayne Bacon,BaconDwayne1000
52,Marvin Bagley,MB3FIVE
53,Ron Baker,RonBaker31
54,Wade Baldwin,The_Fourth_Wade
55,Renaldo Balkman,R_Balkman32
56,Lonzo Ball,ZO2_
57,Leandro Barbosa,TheBlurBarbosa
58,J.J. Barea,jjbareapr
59,Andrea Bargnani,AndreaBargnani
60,Harrison Barnes,HBarnes
61,Matt Barnes,Matt_Barnes22
62,Jordan Barnett,JBounce33
63,Earl Barron,earldee
64,Brent Barry,Barryathree
65,Canyon Barry,cbarry719
66,Will Barton,WillTheThrillB5
67,Keita Bates-Diop,KDB_33
68,Shane Battier,ShaneBattier
69,Nicolas Batum,nicolas88batum
70,Jerryd Bayless,jerrydbayless
71,Aron Baynes,aronbaynes
72,Kent Bazemore,24Bazemore
73,V.J. Beachem,VjBeachem
74,Bradley Beal,RealDealBeal23
75,Malik Beasley,Mbeasy5
76,Michael Beasley,easyst0
77,Beau Beech,beaubeech02
78,Marco Belinelli,marcobelinelli
79,Charlie Bell,flintstone14
80,Jordan Bell,1jordanbell
81,Troy Bell,TroyBellS2P
82,DeAndre' Bembry,fearthefro95
83,Dragan Bender,DBender03
84,Jonathan Bender,jonathanbender9
85,Anthony Bennett,AnthonyBennett
86,Keith Benson,RealKITO
87,Joel Berry,JoelBerryII
88,Davis Bertans,DBertans_42
89,Patrick Beverley,patbev21
90,Justin Bibbs,JustinBibbs10
91,Chauncey Billups,1MrBigShot
92,Khem Birch,Khem_Birch
93,Jabari Bird,Jabari_Bird
94,Bismack Biyombo,bismackbiyombo
95,Nemanja Bjelica,NemanjaBjelica
96,Tarik Black,TarikBlack25
97,James Blackmon,jblackmon2
98,DeJuan Blair,DeJuan45
99,Steve Blake,SteveBlake5
100,Antonio Blakeney,blakeney96
101,Andray Blatche,drayblatche
102,Eric Bledsoe,EBled2
103,Jaron Blossomgame,JaronBgame
104,Vander Blue,veezy_SQ
105,Trevon Bluiett,TrevonBluiett
106,Ryan Boatright,Ryanboatright11
107,Bogdan Bogdanovic,LeaderOfHorde
108,Bojan Bogdanovic,44Bojan
109,Muggsy Bogues,MuggsyBogues
110,Andrew Bogut,andrewbogut
111,Jonah Bolden,Jonahbolden43
112,Isaac Bonga,isaacbonga
113,Matt Bonner,MattBonner_SAS
114,Devin Booker,DevinBook
115,Trevor Booker,35_Fitz
116,Carlos Boozer,MisterCbooz
117,Chris Bosh,chrisbosh
118,Dee Bost,1DBost
119,Chris Boucher,chrisboucher
120,Bruce Bowen,Bowen12
121,Ryan Bowen,rybo40
122,Craig Brackins,Cbrackins_33
123,Avery Bradley,Avery0Bradley
124,Tony Bradley,ToBrad1
125,Taylor Braun,taylorbraun2324
126,Corey Brewer,TheCoreyBrewer
127,Ronnie Brewer,RonnieBrewerJr
128,Primoz Brezec,Primozbrezec
129,Mikal Bridges,mikal_bridges
130,Miles Bridges,MilesBridges
131,Amida Brimah,amidabrimah
132,Isaiah Briscoe,ZayBriscoe
133,Jon Brockman,MrJonBrockman
134,Ryan Broekhoff,RBroekhoff45
135,Aaron Brooks,Thirty2zero
136,Dillon Brooks,dillonbrooks24
137,MarShon Brooks,Marshon2
138,Alec Brown,AlecBrown21
139,Anthony Brown,TwoShotOne
140,Bobby Brown,BBROWNLAU
141,Bruce Brown,BruceBrown11
142,Dee Brown,deebrown11
143,Derrick Brown,D_Brown4
144,Jabari Brown,Bari_BrownIDF
145,Jaylen Brown,FCHWPO
146,Lorenzo Brown,Zo_Brown
147,Markel Brown,iMarkelBrown22
148,Troy Brown,Troy_Brown33
149,Jalen Brunson,jalenbrunson1
150,Kobe Bryant,kobebryant
151,Thomas Bryant,nolimittb31
152,Chase Budinger,CBudinger
153,Reggie Bullock,ReggieBullock35
154,Trey Burke,TreyBurke
155,Alec Burks,AlecBurks10
156,Antonio Burks,antonioburks
157,Deonte Burton,DeonteBurton
158,Deonte Burton,DeonteBurton
159,Caron Butler,realtuffjuice
160,Jimmy Butler,JimmyButler
161,Rasual Butler,RasualButler45
162,Dwight Buycks,BuycksWorld13
163,Bruno Caboclo,Bruno_Caboclo
164,Michael Cage,Exhoopsmc
165,Nick Calathes,Nick_Calathes15
166,Jose Calderon,JmCalderon
167,Kentavious Caldwell-Pope,CaldwellPope
168,Marcus Camby,MarcusCamby23
169,Isaiah Canaan,SiP03
170,Clint Capela,CapelaClint
171,Derrick Caracter,RebuildCaracter
172,Brian Cardinal,BrianCardinal
173,Antoine Carr,AntoineCarr55
174,Phillip Carr,PhilippeChow_
175,DeMarre Carroll,DeMarreCarroll1
176,Vince Carter,mrvincecarter15
177,Wendell Carter,wendellcarter34
178,Michael Carter-Williams,MCW1
179,Omri Casspi,Casspi18
180,Willie Cauley-Stein,THEwillieCS15
181,Troy Caupain,caupain10
182,Tyler Cavanaugh,tycav34
183,Cedric Ceballos,cedceballos
184,Mario Chalmers,mchalmers15
185,Tyson Chandler,tysonchandler
186,Wilson Chandler,wilsonchandler
187,Joe Chealey,joe_chealey
188,Josh Childress,JChillin
189,Chris Chiozza,Chiozza11
190,Marquese Chriss,quese
191,Dionte Christmas,Dchristmas22
192,Rakeem Christmas,R_Xmas25
193,Semaj Christon,SemajChriston
194,Keith Clanton,Im_Keithclanton
195,Gary Clark,Gary11_Clark
196,Ian Clark,IanClark
197,Jordan Clarkson,JordanClarksons
198,Gian Clavell,clavelito04
199,Victor Claver,Victor_Claver
200,Speedy Claxton,speeddeamon
201,Mateen Cleaves,Mateen_Cleaves
202,Antonius Cleveland,ac_uno1
203,Jeff Coby,JC40A3
204,Derrick Coleman,44TheLegend
205,Jarron Collins,jarronctwin
206,John Collins,jcollins20_
207,Sherron Collins,SHERRONCOLLINS4
208,Zach Collins,zcollins_33
209,Kyle Collinsworth,bigrussia5
210,Darren Collison,Darren_Collison
211,Nick Collison,nickcollison4
212,Bonzie Colson,Bacolson35
213,Mike Conley,mconley11
214,Pat Connaughton,PlanetPat5
215,Will Conroy,CHILLCONROY
216,Daequan Cook,DC4Three
217,Quinn Cook,QCook323
218,Charles Cooke,c4_cooke
219,Jack Cooley,JackCooligan45
220,Michael Cooper,ShowtimeCooper
221,Isaia Cordinier,izaycordinier
222,DeMarcus Cousins,boogiecousins
223,Robert Covington,Holla_At_Rob33
224,Allen Crabbe,allencrabbe
225,Aaron Craft,ACraft4
226,Torrey Craig,TCraig_23
227,Chris Crawford,clutchcrawford3
228,Drew Crawford,TheRealDrewski1
229,Jamal Crawford,JCrossover
230,Joe Crawford,JoeCrawford5
231,Jordan Crawford,jcraw55
232,Austin Croshere,AustinCroshere
233,Jae Crowder,CJC9BOSS
234,Dante Cunningham,DlamarC33
235,Jared Cunningham,J1Flight
236,Eddy Curry,Eddy_Curry
237,Seth Curry,sdotcurry
238,Stephen Curry,StephenCurry30
239,Nemanja Dangubic,DangubicNemanja
240,DeAndre Daniels,D_Daniels2
241,Marquis Daniels,Marquis_Daniels
242,Troy Daniels,troydaniels
243,Luigi Datome,GigiDatome
244,Anthony Davis,AntDavis23
245,Baron Davis,BaronDavis
246,Deyonta Davis,deyontadavis23
247,Ed Davis,eddavisXVII
248,Glen Davis,iambigbaby11
249,Andre Dawkins,dre_dawkins
250,Austin Daye,Adaye5
251,Dewayne Dedmon,d_dedmon3
252,Sam Dekker,dekker
253,Vinny Del Negro,VinnyDHoops
254,Malcolm Delaney,foe23
255,Carlos Delfino,cabezadelfino
256,Angel Delgado,AngelDelgado
257,Matthew Dellavedova,matthewdelly
258,Luol Deng,LuolDeng9
259,Marcus Denmon,MizzouMonster12
260,Stephen Dennis,SDennis14
261,Demetrius Denzel-Dyson,MRDYSON1022
262,DeMar DeRozan,DeMar_DeRozan
263,Cheick Diallo,cheick_diallo13
264,Hamidou Diallo,hamidoudiallo
265,Boris Diaw,theborisdiaw
266,Gorgui Dieng,GorguiDieng
267,Dani Diez de la Faya,danidiez11
268,Spencer Dinwiddie,SDinwiddie_25
269,DeSagana Diop,sagana7
270,Daniel Dixon,Mr_HeatCheck
271,Luka Doncic,luka7doncic
272,Tyler Dorsey,TDORSEY_1
273,Damyean Dotson,staytuned21
274,Zabian Dowdell,zayrd1
275,Milton Doyle,MDLU35
276,PJ Dozier,Dozier_Kid
277,Goran Dragic,Goran_Dragic
278,Andre Drummond,AndreDrummond
279,Jared Dudley,JaredDudley619
280,Kris Dunn,KrisDunn3
281,Ronald Dupree,RDupree12
282,Kevin Durant,KDTrey5
283,Trevon Duval,DatGuy_Trey
284,Cleanthony Early,Clearly_BallLyf
285,Devin Ebanks,DevinEbanks3
286,Jarell Eddie,JarellEddie
287,Melvin Ejim,MelvinEjim
288,Henry Ellenson,HenryEllenson13
289,Wayne Ellington,WayneElli22
290,Joel Embiid,JoelEmbiid
291,Kim English,Englishscope24
292,James Ennis,JamesDa_Truth
293,Tyler Ennis,TylerEnnis
294,Drew Eubanks,DrewEubanks12
295,Jacob Evans,JacobEvans_1
296,Jawun Evans,j3vans1_
297,Jeremy Evans,JeremyEvans40
298,Keenan Evans,K3vans12
299,Reggie Evans,ReggieEvans30
300,Tyreke Evans,TyrekeEvans
301,Patrick Ewing,pewingjr6
302,Dante Exum,daanteee
303,Christian Eyenga,christeyenga31
304,Festus Ezeli,festus
305,Jarrid Famous,MrFamous_CME
306,Kenneth Faried,KennethFaried35
307,Derrick Favors,dfavors14
308,Carrick Felix,CarrickFelixIMC
309,Carrick Felix,C_Felix0
310,Raymond Felton,RFeltonGBMS
311,Terrance Ferguson,the2kferguson
312,Rudy Fernandez,rudy5fernandez
313,Yogi Ferrell,YogiFerrell11
314,Landry Fields,landryfields
315,Michael Finley,MichaelFinley
316,Dorian Finney-Smith,doefinney_10
317,Derek Fisher,derekfisher
318,Bryn Forbes,BrynjForbes
319,T.J. Ford,tj_ford
320,Evan Fournier,EvanFourmizz
321,De'Aaron Fox,swipathefox
322,Randy Foye,randyfoye
323,Adonal Foyle,afoyle3131
324,Steve Francis,SteveFranchise3
325,Melvin Frazier,melvinjrrr
326,Tim Frazier,Timfraz23
327,Walt Frazier,WaltFrazier
328,Jimmer Fredette,jimmerfredette
329,Channing Frye,Channing_Frye
330,Markelle Fultz,MarkelleF
331,Wenyen Gabriel,WenyenGabriel
332,Dan Gadzuric,DGadzuric
333,Danilo Gallinari,gallinari8888
334,Langston Galloway,LangGalloway10
335,Patricio Garino,patitogarino
336,Diante Garrett,kingarrett10
337,Marc Gasol,MarcGasol
338,Pau Gasol,paugasol
339,Kaiser Gates,Kaisergates
340,Rudy Gay,RudyGay8
341,Michael Gbinije,mikegbinije
342,Alonzo Gee,GeeAlonzo
343,Paul George,Yg_Trece
344,Marcus Georges-Hunt,GTMGH3
345,Daniel Gibson,BooBysWorld1
346,Taj Gibson,TajGibson22
347,J.R. Giddens,JGidd4
348,Harry Giles,HGizzle1
349,Shai Gilgeous-Alexander,shaiglalex
350,Kendall Gill,kendallg13
351,Artis Gilmore,ArtisGilmore53
352,Manu Ginobili,manuginobili
353,Rudy Gobert,rudygobert27
354,Ryan Gomes,GotGomes
355,Drew Gooden,DrewGooden
356,Vernon Goodridge,VeEG00D
357,Archie Goodwin,A1Laflare10
358,Brandon Goodwin,goodysav
359,Aaron Gordon,Double0AG
360,Eric Gordon,TheofficialEG10
361,Marcin Gortat,MGortat
362,Devonte' Graham,Devonte4Graham
363,Torian Graham,Torian_Graham
364,Treveon Graham,TreBall21
365,Danny Granger,dgranger33
366,Brian Grant,bwgrant
367,Jerami Grant,JeramiGrant
368,Jerian Grant,JerianGrant
369,Donte Grantham,DonteGrantham32
370,Josh Gray,ThatsJoshGray
371,Rob Gray,iRob_G
372,A.C. Green,NBA_Ironman
373,Danny Green,DGreen_14
374,Draymond Green,Money23Green
375,Garlon Green,G650G
376,JaMychal Green,Jmyke1
377,Jeff Green,unclejeffgreen
378,Donte Greene,dontegreeneCOS
379,Blake Griffin,blakegriffin23
380,Eric Griffin,EGRIFFDaSTORY
381,Taylor Griffin,tgriff32
382,Arturas Gudaitis,GudaitisAG
383,Hamed Haddadi,HamedHaddadi15
384,Isaac Hamilton,Isaacham_10
385,Johnny Hamilton,johnny_tall
386,Jordan Hamilton,J_Goin_HAM
387,Justin Hamilton,Justin__41
388,Richard Hamilton,ripcityhamilton
389,Ben Hansbrough,bhans23
390,Tyler Hansbrough,THANS50
391,Travis Hansen,travishansen24
392,Anfernee Hardaway,Iam1Cent
393,Tim Hardaway,TimHardawayFDN
394,Tim Hardaway,T_HardJR
395,James Harden,JHarden13
396,Maurice Harkless,moe_harkless
397,Justin Harper,Tru_Harp32
398,Matt Harpring,mharpring15
399,Montrezl Harrell,MONSTATREZZ
400,Josh Harrellson,BigJorts55
401,Al Harrington,cheddahcheese7
402,Devin Harris,Dev34Harris
403,Elias Harris,EliasJMHarris
404,Gary Harris,thats_G_
405,Joe Harris,JoeHarris4
406,Manny Harris,313MannyHarris
407,Mike Harris,TheRealMH33
408,Terrel Harris,T_Harris87
409,Tobias Harris,tobias31
410,Aaron Harrison,AaronICE2
411,Andrew Harrison,DrewRoc5
412,Josh Hart,joshhart
413,Isaiah Hartenstein,Ipjh55
414,Tyler Harvey,YoungTRaaw
415,Udonis Haslem,ThisIsUD
416,Spencer Hawes,spencerhawes00
417,Chuck Hayes,c_hayes44
418,Nigel Hayes,NIGEL_HAYES
419,Gordon Hayward,gordonhayward
420,Spencer Haywood,SpencerHaywood
421,Gerald Henderson,GhJr09
422,Terry Henderson,t_henny3
423,Myke Henry,mykehenry20
424,Xavier Henry,XavierHenry
425,John Henson,Johnhenson31
426,LaDontae Henton,HentonBuckets23
427,Juan Hernangomez,juanchohg14
428,Willy Hernangomez,willyhg94
429,Chris Herren,c_herren
430,Kevin Hervey,kherv_25
431,Mario Hezonja,MarioHezonja
432,Isaiah Hicks,IDHicks
433,Buddy Hield,buddyhield
434,Cory Higgins,chiggins11
435,Nene Hilario,NeneHilario42
436,George Hill,George_Hill3
437,Grant Hill,realgranthill33
438,Solomon Hill,solohill
439,Darrun Hilliard,darrunhilliard
440,Darington Hobson,ParkaySmooth
441,Julius Hodge,Follow24Hodge
442,DJ Hogg,Dj_hogg1
443,Fred Hoiberg,ISUMayor32
444,Aaron Holiday,The_4th_Holiday
445,Jrue Holiday,Jrue_Holiday11
446,Justin Holiday,JustHolla7
447,John Holland,Jholland_23
448,Ryan Hollins,TheRyanHollins
449,Richaun Holmes,Rich_Holmes22
450,Tyler Honeycutt,thoneycutt23
451,Rodney Hood,rodneyhood
452,Scotty Hopson,Shopson32
453,Al Horford,Al_Horford
454,Dennis Horner,DHorner31
455,Keith Hornsby,KHornsby4
456,Robert Horry,RKHorry
457,Danuel House,DanuelHouseJr
458,Allan Houston,ALLAN_HOUSTON
459,Dwight Howard,DwightHoward
460,Lester Hudson,Lester26Hudson
461,Marcelo Huertas,Huertas09
462,Kevin Huerter,KevinHuerter
463,Josh Huestis,jhuestis
464,Robbie Hummel,RobbieHummel
465,Isaac Humphries,IsaacHumphries7
466,Kris Humphries,KrisHumphries
467,Chandler Hutchison,CmoHutchison
468,Serge Ibaka,sergeibaka_7
469,Andre Iguodala,andre
470,Joe Ingles,Joeingles7
471,Damien Inglis,DamienINGLIS
472,Brandon Ingram,B_Ingram13
473,Ike Iroegbu,Be_LikeIKE
474,Kyrie Irving,KyrieIrving
475,Jonathan Isaac,jisaac_01
476,Allen Iverson,alleniverson
477,Royal Ivey,ROYALTIVEY
478,Wesley Iwundu,_Iwundu25
479,Jarrett Jack,Jarrettjack03
480,Bobby Jackson,TheBobbyJackson
481,Darnell Jackson,DBlock_Official
482,Demetrius Jackson,D_Jay11
483,Frank Jackson,FWJackson15
484,Jaren Jackson,jarenjacksonjr
485,Josh Jackson,j_josh11
486,Justin Jackson,JJacks_44
487,Justin Jackson,JJacks_44
488,Mark Jackson,MarkJackson13
489,Reggie Jackson,Reggie_Jackson
490,Stephen Jackson,DaTrillStak5
491,Bernard James,BernardJame5
492,Damion James,KONJames10
493,LeBron James,KingJames
494,Mike James,mikejames7
495,Matt Janning,mjanning23
496,Othyus Jeffers,OthyusTheGreat
497,Amile Jefferson,AmileJefferson
498,Cory Jefferson,CoryJay34
499,John Jenkins,JohnnyCashVU23
500,Jonas Jerebko,JonasJerebko
501,Eugene Jeter,PoohJeter
502,Alize Johnson,AlizeJohnson
503,Amir Johnson,IamAmirJohnson
504,Armon Johnson,AJALLDAY1
505,B.J. Johnson,Bean_J20
506,Brice Johnson,bjohnson_23
507,Dakari Johnson,DakariJohnson
508,Eddie Johnson,Jumpshot8
509,JaJuan Johnson,JaJuanJohnson
510,James Johnson,IamJJ3
511,Jaylen Johnson,JayGlooo10
512,Joe Johnson,TheJoeJohnson7
513,Kevin Johnson,KJ_MayorJohnson
514,Magic Johnson,MagicJohnson
515,Orlando Johnson,OrlandoVJohnson
516,Reggie Johnson,Regg_42
517,Stanley Johnson,iAmSJ
518,Tyler Johnson,RealTJohnson
519,Wesley Johnson,wjohnson67
520,Darius Johnson-Odom,KingMe_DJ1
521,Peter Jok,Jok_City14
522,Nikola Jokic,JokicNikola15
523,Dahntay Jones,dahntay1
524,Damian Jones,dameology
525,Damon Jones,d19j
526,Damon Jones,djones19
527,DeQuan Jones,DequanMJones
528,Derrick Jones,TheRea1DJones
529,Matt Jones,matt13jones_
530,Perry Jones,Perry_Jones1
531,Shawn Jones,Slim_j12
532,Terrence Jones,TerrenceJones1
533,Tyus Jones,1Tyus
534,DeAndre Jordan,DeAndre
535,Cory Joseph,Cory_Joe
536,Kris Joseph,RealKrisJo
537,Chris Kaman,ChrisKaman
538,Frank Kaminsky,FSKPart3
539,Enes Kanter,Enes_Kanter
540,Ilkan Karaman,ilknkrmn
541,Arsalan Kazemi,kazemiworld
542,Tidjan Keita,Ktidjan
543,Ryan Kelly,RyanKelly34
544,Greg Kelser,gkelser32
545,Luke Kennard,LukeKennard5
546,Steve Kerr,SteveKerr
547,Jason Kidd,RealJasonKidd
548,Michael Kidd-Gilchrist,MKG14
549,Sean Kilpatrick,SeanKilpatrick
550,Nick King,CrownMeKing5_
551,Maxi Kleber,MaxiKleber
552,Brandon Knight,Goodknight11
553,Kevin Knox,KevKnox
554,Furkan Korkmaz,FurkanKorkmaz
555,Kyle Korver,KyleKorver
556,Kosta Koufos,kostakoufos
557,Arnoldas Kulboka,kulboka98
558,Kyle Kuric,KIngKK_14
559,Rodions Kurucs,RODIONS1
560,Kyle Kuzma,kylekuzma
561,Mindaugas Kuzminskas,MKuzminskas
562,Skal Labissiere,OneBigHaitian
563,Cady Lalanne,Lac25_
564,Doron Lamb,DLamb20
565,Shane Larkin,ShaneLarkin_3
566,Terry Larrier,_TL22
567,Joffrey Lauvergne,1JOLOLO
568,Zach LaVine,ZachLaVine
569,Ty Lawson,TyLawson3
570,Jake Layman,JLayman10
571,T.J. Leaf,leafsquad22
572,Ricky Ledo,REALRICKLEDO1
573,Courtney Lee,CourtneyLee2211
574,Damion Lee,Dami0nLee
575,David Lee,Dlee042
576,Walt Lemon Jr.,WaltLemon
577,Alex Len,alexlen
578,Kawhi Leonard,kawhileonard
579,Meyers Leonard,MeyersLeonard11
580,Travis Leslie,FlightLeslie23
581,Mathias Lessort,ThiasLsf
582,Jon Leuer,JonLeuer30
583,Caris LeVert,CarisLeVert
584,Trey Lewis,Treylew3
585,DeAndre Liggins,Dreliggs34
586,Damian Lillard,Dame_Lillard
587,Jeremy Lin,JLin7
588,Scottie Lindsey,ScottieLindsey
589,Shaun Livingston,ShaunLivingston
590,Sergio Llull,23Llull
591,Zach Lofton,ZachLofton
592,Kevon Looney,Loon_Rebel5
593,Robin Lopez,rolopez42
594,Kevin Love,kevinlove
595,Marc Loving,lovingthegame32
596,Kyle Lowry,Klow7
597,Jordan Loyd,jloyd_3
598,John Lucas III,Luke1luk
599,Timothe Luwawu-Cabarrot,timcabs
600,Tyler Lydon,Tyler_Lydon14
601,Jairus Lyles,_jlyles
602,Trey Lyles,TreyLyles
603,Sheldon Mac,sheldonmacc
604,Scott Machado,_ScottMachado
605,Shelvin Mack,ShelvinMack
606,Vernon Macklin,vernon_macklin
607,Daryl Macon,_dmacon4
608,J.P. Macura,jpmacura
609,Mark Madsen,madsen_mark
610,Josh Magette,joshmagette
611,Corey Maggette,Corey_Maggette
612,Ian Mahinmi,ianmahinmi
613,Dan Majerle,DanMajerle
614,Thon Maker,ThonMaker14
615,Karl Malone,TheDeliverer_32
616,Danny Manning,coachdmanning
617,Devyn Marble,DevMarble
618,Stephon Marbury,StarburyMarbury
619,Shawn Marion,matrix31
620,Boban Marjanovic,BobanMarjanovic
621,Lauri Markkanen,MarkkanenLauri
622,Donyell Marshall,Dmarsh42
623,Kendall Marshall,KButter5
624,Cartier Martin,CartierMartin
625,Jarell Martin,MartinJarell
626,Kenyon Martin,KenyonMartinSr
627,Jamal Mashburn,jamalmashburn
628,Frank Mason,FrankMason0
629,Roger Mason,MoneyMase
630,Yante Maten,YoungMoney_11
631,Jordan Mathews,JordanMathews22
632,Mangok Mathiang,M_Mango32
633,Wesley Matthews,WessyWes23
634,Jason Maxiell,JasonMaxiell
635,Vernon Maxwell,vernonmaxwell11
636,Sean May,BigMay42
637,Eric Maynor,EMaynor3
638,Luc Mbah a Moute,mbahamoute
639,James Michael McAdoo,jamesmcadoo
640,Tahjere McCall,215tahj
641,Ray McCallum,RayMac3
642,Patrick McCaw,PMcCaw0
643,CJ McCollum,CJMcCollum
644,Mickey McConnell,MickeyMcConnell
645,T.J. McConnell,TJMcConnell
646,Brandon McCoy,Mccoy_blvd
647,Chris McCullough,briskuno
648,K.J. McDaniels,KJMcDaniels
649,Doug McDermott,dougmcdermott
650,Hank McDowell,Skinnypalmer
651,Mitch McGary,mitchmcgary
652,JaVale McGee,JaValeMcGee
653,Tracy McGrady,Real_T_Mac
654,Rodney McGruder,RodneyMcGruder
655,Jim McIlvaine,JimMcIlvaine
656,Kevin McKenna,coachkmc3
657,Trey McKinney-Jones,TreyMJ04
658,Alfonzo McKinnie,_Alvo_
659,Jordan McLaughlin,itsmclaughlin11
660,Ben McLemore,BenMcLemore
661,Jerel McNeal,jerel_mcneal
662,Jordan McRae,JordyMac52
663,Josh McRoberts,JoshMcRoberts11
664,Jodie Meeks,Jmeeks20
665,Kennedy Meeks,asapmeeks03
666,Salah Mejri,50Mejri
667,De'Anthony Melton,DeAnthonyMelton
668,Chimezie Metu,Chimezie_Metu
669,David Michineau,YoungDav16
670,Jordan Mickey,Jmickey_02
671,Khris Middleton,Khris22m
672,C.J. Miles,masfresco
673,Darius Miller,DmillerKY
674,Malcolm Miller,MalcMili13
675,Mike Miller,MikeMiller_13
676,Quincy Miller,qmillertime
677,Reggie Miller,ReggieMillerTNT
678,Codi Miller-McIntyre,CMMPatience
679,Patty Mills,Patty_Mills
680,Elijah Millsap,Elijah_Millsap
681,Paul Millsap,Paulmillsap4
682,Shake Milton,SniperShake
683,Nikola Milutinov,NMilutinov
684,Yao Ming,YaoMing
685,Nikola Mirotic,threekola
686,Akil Mitchell,ajmitchell25
687,Donovan Mitchell,spidadmitchell
688,Tony Mitchell,TonyMitchUNENO
689,Tony Mitchell,tmitch_5
690,Naz Mitrou-Long,NazzyJML
691,Luka Mitrovic,mitar_mitar9
692,Nazr Mohammed,NazrMohammed
693,Malik Monk,AhmadMonk
694,Greg Monroe,M10OSE
695,Ben Moore,JaminTheFiend
696,E'Twaun Moore,ETwaun55
697,Eric Moreland,EricMoreland15
698,Yannis Morin,YannisMorin
699,Darius Morris,dariusmorris4
700,Marcus Morris,MookMorris2
701,Markieff Morris,Keefmorris
702,Monte Morris,MonteMorris11
703,Anthony Morrow,MrAnthonyMorrow
704,Donatas Motiejunas,DonatasMot
705,Brock Motum,brockm12
706,Arnett Moultrie,amoultrie
707,Emmanuel Mudiay,emmanuelmudiay
708,Shabazz Muhammad,ShabazzMuhammad
709,Xavier Munford,xaviermunford
710,Kamari Murphy,21__louie
711,Kevin Murphy,KMurph_55
712,Dejounte Murray,DejounteMurray
713,Jamal Murray,BeMore27
714,Tracy Murray,RealTracyMurray
715,Toure' Murry,toure_murry
716,Dzanan Musa,DzananM13
717,Mike Muscala,mikemuscala
718,Dikembe Mutombo,officialmutombo
719,Svi Mykhailiuk,Sviat_10
720,Hamady N'Diaye,H55ndiaye
721,Bostjan Nachbar,BokiNachbar
722,Larry Nance,Larrydn22
723,Shabazz Napier,ShabazzNapier
724,Steve Nash,SteveNash
725,Maurice Ndour,TooHotFiDem
726,Jameer Nelson,jameernelson
727,Raul Neto,RaulTogni
728,Malik Newman,iammaliknewman
729,Georges Niang,GeorgesNiang20
730,Andrew Nicholson,nicholaf44
731,Landry Nnoko,landry_nnoko
732,Joakim Noah,JoakimNoah
733,Andres Nocioni,SoyElChapu
734,Nerlens Noel,NerlensNoel3
735,Lucas Nogueira,Bebe92
736,Dirk Nowitzki,swish41
737,Frank Ntilikina,FrankLikina
738,Kendrick Nunn,nunnbetter_
739,James Nunnally,AllorNunn21
740,Jusuf Nurkic,bosnianbeast27
741,David Nwaba,dnwaba0
742,Ike Nwamu,ike_nwamu
743,Patrick O'Bryant,13POB13
744,Jermaine O'Neal,jermaineoneal
745,Shaquille O'Neal,SHAQ
746,Royce O'Neale,BucketsONeale00
747,Kyle O'Quinn,Kyle_OQuinn
748,Charles Oakley,CharlesOakley34
749,Fabricio Oberto,obricio7
750,Lamar Odom,RealLamarOdom
751,Semi Ojeleye,Semi
752,Emeka Okafor,BigMek50
753,Jahlil Okafor,JahlilOkafor
754,Elie Okobo,ElieOkobo_0
755,Josh Okogie,CallMe_NonStop
756,Mehmet Okur,MehmetOkur13
757,Victor Oladipo,VicOladipo
758,Cameron Oliver,SpaceCamm
759,Kelly Olynyk,KellyOlynyk
760,Arinze Onuaku,arinze_onuaku
761,Chinanu Onuaku,chinanu_onuaku
762,Alex Oriakhi,aoriakhi42
763,Daniel Orton,danielorton21
764,Cedi Osman,cediosman
765,Yakuba Ouattara,yakubaouattara
766,Kelly Oubre,KELLYOUBREJR
767,Zaza Pachulia,zaza27
768,Georgios Papagiannis,G_P_06
769,Jannero Pargo,jpargo1
770,Anthony Parker,_AnthonyParker
771,Jabari Parker,JabariParker
772,Tony Parker,tonyparker
773,Chandler Parsons,ChandlerParsons
774,Anzejs Pasecniks,AnzejsP
775,Lamar Patterson,LP21_
776,Patrick Patterson,pdpatt
777,Justin Patton,JustinPatton17
778,Chris Paul,CP3
779,Adreian Payne,Adreian_Payne
780,Cameron Payne,campayne
781,Elfrid Payton,elfrid
782,Gary Payton,GaryPayton_20
783,L.J. Peak,ljpeak1
784,Norvel Pelle,NorvelPelle05
785,Kendrick Perkins,KendrickPerkins
786,London Perrantes,London_Tyus
787,Alec Peters,petersalec
788,Morris Peterson,mopete24
789,Luke Petrasek,Luke_Petrasek
790,John Petrucelli,John_Petrucelli
791,Terran Petteway,_TP5
792,Paul Pierce,paulpierce34
793,Mickael Pietrus,MickaelPietrus
794,Theo Pinson,tpinsonn
795,Scottie Pippen,ScottiePippen
796,Marshall Plumlee,marshallplumlee
797,Mason Plumlee,masonplumlee
798,Miles Plumlee,milesplumlee13
799,Jakob Poeltl,JakobPoeltl
800,Sir'Dominic Pointer,Sirdom1
801,Kendall Pollard,__KP
802,Quincy Pondexter,QuincyPondexter
803,Michael Porter,MPJr
804,Bobby Portis,BPortistime
805,Kristaps Porzingis,kporzee
806,Leon Powe,Leon_Powe
807,Dwight Powell,DwightPowell33
808,Josh Powell,JP21Reasons
809,Norman Powell,npowell2404
810,Casey Prather,cprather24
811,Phil Pressey,philpressey
812,Billy Preston,nolimitbill
813,A.J. Price,realAJPrice
814,Pablo Prigioni,PPrigioni9
815,Laron Profit,Profit4eva
816,Jacob Pullen,Jpullz0
817,Rodney Purvis,Gpurvooo
818,Zhou Qi,officialzhouqi
819,Tim Quarterman,TimQuarterman1
820,Ivan Rabb,YoungIvee
821,Nikola Radicevic,nikoradicevic
822,Chasson Randle,ChassonRandle
823,Julius Randle,J30_RANDLE
824,Anthony Randolph,TheARandolph
825,Levi Randolph,LeviRandolph20
826,Zach Randolph,MacBo50
827,Xavier Rathan-Mayes,xrm_22
828,Theo Ratliff,shotblocker42
829,J.J. Redick,JJRedick
830,Davon Reed,ClutchREED_5
831,Cameron Reynolds,CamoCinco
832,Glen Rice,glenrice41
833,Jason Richardson,jrich23
834,Josh Richardson,J_Rich1
835,Malachi Richardson,KingMali23
836,Quentin Richardson,QRich
837,Mitch Richmond,MitchRichmond23
838,Austin Rivers,AustinRivers25
839,Andre Roberson,FlyDre21
840,Ronald Roberts,RonaldRoberts5
841,David Robinson,DavidtheAdmiral
842,Devin Robinson,drob7nson
843,Duncan Robinson,D_Bo20
844,Glenn Robinson,GRIII
845,Jerome Robinson,Rome_Coldbucks1
846,Mitchell Robinson,23savage____
847,Nate Robinson,nate_robinson
848,Thomas Robinson,Trobinson0
849,Dennis Rodman,dennisrodman
850,Desi Rodriguez,desirodriguez6
851,Sergio Rodriguez,SergioRodriguez
852,Rajon Rondo,RajonRondo
853,Derrick Rose,drose
854,Jalen Rose,jalenrose
855,Terrence Ross,T_DotFlight31
856,Terry Rozier,T_Rozzay3
857,Ricky Rubio,rickyrubio9
858,Damjan Rudez,Damjan_Rudez
859,Brandon Rush,BRush_25
860,Kareem Rush,kareemrush
861,Bryon Russell,BRuss3
862,D'Angelo Russell,Dloading
863,Domantas Sabonis,Dsabonis11
864,Robert Sacre,Bobby_Sacre
865,John Salley,thejohnsalley
866,JaKarr Sampson,KarrSampson14
867,Jamarr Sanders,2_E_A_Z_Y
868,Larry Sanders,l8show_thegoat
869,Dario Saric,dariosaric
870,Tomas Satoransky,satoransky
871,Brian Scalabrine,Scalabrine
872,Detlef Schrempf,Dschrempf
873,Dennis Schroder,DennisMike93
874,Luis Scola,LScola4
875,Dennis Scott,dennis3dscott
876,Mike Scott,mikescott
877,Thabo Sefolosha,ThaboSefolosha
878,Jeremy Senglin,jsenglin_30
879,Kevin Seraphin,kslife7
880,Ramon Sessions,SessionsRamon
881,Collin Sexton,CollinYoungBull
882,Landry Shamet,landryshamet
883,Tornike Shengelia,TokoShengelia23
884,Iman Shumpert,imanshumpert
885,Pascal Siakam,pskills43
886,Luke Sikma,LCSikma43
887,Xavier Silas,XavierSilas
888,Garret Siler,Big_G_21
889,Ben Simmons,BenSimmons25
890,Bobby Simmons,bobbysimmons21
891,Jonathon Simmons,ThaRealJsimms
892,Anfernee Simons,AnferneeSimons
893,Henry Sims,H_Sims14
894,Satnam Singh Bhamara,hellosatnam
895,Kyle Singler,KyleSingler
896,Sean Singletary,SeanSingletary
897,Chris Singleton,C_SING31
898,Peyton Siva,PeypeySiva3
899,Tamar Slay,slay9
900,Donald Sloan,dsloan15
901,Marcus Smart,smart_MS3
902,Craig Smith,Csmeezy1
903,Dennis Smith,Dennis1SmithJr
904,Greg Smith,Ju_Smith4
905,Ish Smith,ishsmith
906,J.R. Smith,TheRealJRSmith
907,Jason Smith,JasonSmith014
908,Jerry Smith,JSmith_8
909,Joe Smith,JoeBeast95
910,Kenny Smith,TheJetOnTNT
911,Nolan Smith,NdotSmitty
912,Roscoe Smith,scoesh0w
913,Scoochie Smith,scoochstackin
914,Steve Smith,steve21smith
915,Tony Smith,AnalystTSmith34
916,Zach Smith,SuperDuperZach
917,Zhaire Smith,zhaire_smith
918,Ray Spalding,RaySpalding_4
919,Marreese Speights,Mospeights16
920,Omari Spellman,omari_spellman
921,Tiago Splitter,tiagosplitter
922,Larry Spriggs,spriggy35
923,Jerry Stackhouse,jerrystackhouse
924,Terence Stansbury,360StatueofLibe
925,Jonathan Stark,jonathanstark02
926,John Starks,StarksTheDunk
927,Nik Stauskas,NStauskas11
928,Lance Stephenson,StephensonLance
929,Greg Stiemsma,gregstiemsma
930,David Stockton,dstockton32
931,Michael Stockton,MikeStock20
932,Jarnell Stokes,JarnellStokes
933,Diamond Stone,Diamond_Stone33
934,Julyan Stone,Julyan_Stone
935,Amar'e Stoudemire,Amareisreal
936,Jared Sullinger,Jared_Sully0
937,Edmond Sumner,EdmondSumner
938,Caleb Swanigan,calebswanigan50
939,Wally Szczerbiak,wallyball
940,Chris Taft,BlessedTaft
941,Jayson Tatum,jaytatum0
942,Edy Tavares,waltertavares22
943,Jermaine Taylor,jtaylor8ball
944,Tyshawn Taylor,tyshawntaylor
945,Jeff Teague,Teague0
946,Marquis Teague,marquisteague25
947,Sebastian Telfair,BassyS31T
948,Garrett Temple,GTemp14
949,Milos Teodosic,MilosTeodosic4
950,Jared Terrell,JaredTerrell32
951,Emanuel Terry,EmanuelTerry08
952,Jason Terry,jasonterry31
953,Hasheem Thabeet,HasheemTheDream
954,Xavier Thames,Xthames2
955,Daniel Theis,dtheis10
956,Adonis Thomas,AllDayThomas
957,Deshaun Thomas,DT1UpNComin
958,Isaiah Thomas,Isaiah_Thomas
959,Isiah Thomas,iamisiahthomas
960,Khyri Thomas,Khyri_2
961,Lance Thomas,MrLance42
962,Rashawn Thomas,Sobeastly_25
963,Jason Thompson,jtthekid
964,Klay Thompson,KlayThompson
965,Mychel Thompson,MychelThompson
966,Ryan Thompson,RyT5
967,Trevor Thompson,TrevBallinTrey2
968,Tristan Thompson,RealTristan13
969,Al Thornton,AThornton14
970,Marcus Thornton,OfficialMT23
971,Marcus Thornton,M3Thornton
972,Sindarius Thornwell,Sin_City_803
973,Jamaal Tinsley,jatinsley
974,Mike Tobey,miketobey10
975,J.P. Tokoto,AirPierreTokoto
976,Anthony Tolliver,ATolliver44
977,Axel Toupane,toups_33
978,Karl-Anthony Towns,KarlTowns
979,Gary Trent,gtrentjr
980,Travis Trice,Ttrice20
981,Melo Trimble,_STAYMELO
982,Alando Tucker,DoeTuck
983,Hedo Turkoglu,hidoturkoglu15
984,Evan Turner,thekidet
985,Myles Turner,Original_Turner
986,Jeremy Tyler,jeremytyler3
987,Ekpe Udoh,EkpeUdoh
988,Beno Udrih,BenoUdrih1
989,Tyler Ulis,tullis3
990,Jarrod Uthoff,Mr_Uthoff
991,Jonas Valanciunas,JValanciunas
992,Denzel Valentine,denzelvalentine
993,Jarred Vanderbilt,JVando
994,Fred VanVleet,FredVanVleet
995,Anderson Varejao,VAREJAOANDERSON
996,Jarvis Varnado,RealSwat32
997,Greivis Vasquez,greivisvasquez
998,Rashad Vaughn,ShowtimeMr1
999,Jan Vesely,JanVesely24
1000,Noah Vonleh,NoahVonleh
1001,Nikola Vucevic,NikolaVucevic
1002,Sasha Vujacic,SashaVujacic
1003,Dwyane Wade,DwyaneWade
1004,Von Wafer,vonwafer13
1005,Moritz Wagner,moritz_weasley
1006,Dion Waiters,dionwaiters3
1007,Antoine Walker,WalkerAntoine8
1008,Kemba Walker,KembaWalker
1009,Lonnie Walker,lonniewalker_4
1010,Tyrius Walker,twalk_02
1011,Thomas Walkup,twalkup23
1012,John Wall,JohnWall
1013,Taurean Waller-Prince,taureanprince
1014,Bill Walton,BillWalton
1015,Derrick Walton,DerrickWalton10
1016,Brad Wanamaker,phillybul_22
1017,Jameel Warney,Fullcoursemeelz
1018,T.J. Warren,tonywarrenjr
1019,Hakim Warrick,hdubb21
1020,Christian Watford,Cwat205
1021,C.J. Watson,quietstorm_32
1022,Earl Watson,Earl_Watson
1023,Maalik Wayns,MaalikWayns2
1024,Travis Wear,traviswear
1025,Kyle Weaver,kyleweaver5
1026,Chris Webber,realchriswebber
1027,Briante Weber,Sir_deuce2
1028,Martell Webster,MartellWebster
1029,Sonny Weems,Sonny13
1030,Bonzi Wells,BonziWells
1031,Thomas Welsh,tomwelsh40
1032,Bill Wennington,34billy42
1033,David West,D_West30
1034,Delonte West,delontewest
1035,Charlie Westbrook,C_Westbrook1
1036,Russell Westbrook,russwest44
1037,Aaron White,Aaron_White30
1038,Andrew White,AndrewWhite03
1039,D.J. White,dj_white3
1040,Derrick White,Dwhite921
1041,Okaro White,owhite10
1042,Royce White,Highway_30
1043,Terrico White,TerricoWhite5
1044,Isaiah Whitehead,isaiahwhitehead
1045,Hassan Whiteside,youngwhiteside
1046,Andrew Wiggins,22wiggins
1047,Scottie Wilbekin,scottiew_5
1048,C.J. Wilcox,UCjwilcox23W
1049,Jacob Wiley,Jwiley_24
1050,Damien Wilkins,dwilkins3000
1051,Dominique Wilkins,DWilkins21
1052,Isaiah Wilkins,isaiahwilkins21
1053,Alan Williams,alantwilliams
1054,Deron Williams,DeronWilliams
1055,Derrick Williams,DWXXIII
1056,Elliot Williams,ewill901
1057,JaCorey Williams,_JWilliams22
1058,Jay Williams,RealJayWilliams
1059,Jerome Williams,JunkYardDogJW
1060,Jordan Williams,Jwilliams20
1061,Kenrich Williams,williamskenrich
1062,Latavious Williams,taybowl_
1063,Lou Williams,TeamLou23
1064,Matt Williams,1mattwill2
1065,Mo Williams,mowilliams
1066,Reggie Williams,reggiew55
1067,Robert Williams,rob_williamsIII
1068,Shelden Williams,SheldenWilliams
1069,T.J. Williams,gogettatjwill
1070,Terrence Williams,TheRealTWill
1071,Troy Williams,troywilliams_
1072,Nigel Williams-Goss,NigelWG5
1073,Derek Willis,derek_willis33
1074,D.J. Wilson,Lanky_Smoove
1075,Jamil Wilson,jamilwilson_22
1076,Kyle Wiltjer,kwiltj
1077,Justise Winslow,IAmJustise
1078,Jeff Withey,JeffWithey
1079,Nate Wolters,NateWolters
1080,Christian Wood,Chriswood_5
1081,Metta World Peace,MettaWorldPeace
1082,Brandan Wright,bwright34
1083,Chris Wright,flyght33wright
1084,Delon Wright,delonwright
1085,Dorell Wright,DWRIGHTWAY1
1086,Tony Wroten,TWroten_LOE
1087,B.J. Young,Joeybuckets3
1088,James Young,realjamesyoung
1089,Joe Young,JoeyBuckets3
1090,Nick Young,NickSwagyPYoung
1091,Sam Young,SamYoung4
1092,Thaddeus Young,yungsmoove21
1093,Trae Young,TheTraeYoung
1094,Rade Zagorac,zagorac_rade
1095,Talib Zanna,TalibZanna
1096,Cody Zeller,CodyZeller
1097,Luke Zeller,LukeZeller40
1098,Tyler Zeller,ZellerTyler
1099,Stephen Zimmerman,BIGG_ZIMM
1100,Ante Zizic,ante_zizic
1101,Ivica Zubac,ivicazubac
1102,Tomislav Zubcic,TomislavZubcic7
